{
  "format_version": "1.20.10",
  "minecraft:recipe_shaped": {
    "description": {
    "identifier": "minecraft:glowing_obsidian"
    },

    "tags": [ "crafting_table" ],
    "pattern": [
      "DDD",
      "DOD",
      "DDD"
    ],
    "key": {
      "D": {
        "item": "minecraft:glowstone_dust"
      },
      "O": {
        "item": "minecraft:obsidian"
      }
    },
    "unlock": [
      {
        "item": "minecraft:obsidian"
      }
    ],
    "result": {
      "item": "minecraft:glowingobsidian"
    }
  }
}
