{
  "format_version": "1.20.10",
  "minecraft:recipe_shaped": {
    "description": {
      "identifier": "ninjaart:nether_portal"
    },

    "tags": [ "crafting_table" ],
    "pattern": [
      "BBB",
      "BNB",
      "BBB"
    ],
    "key": {
      "B": {
        "item": "minecraft:bedrock"
      },
      "N": {
        "item": "minecraft:netherrack"
      }
    },
    "unlock": [
      {
        "item": "minecraft:bedrock"
      }
    ],
    "result": {
      "item": "minecraft:portal"
    }
  }
}
