{
  "format_version": "1.20.10",
  "minecraft:recipe_shaped": {
    "description": {
    "identifier": "minecraft:name_tag"
    },

    "tags": [ "crafting_table" ],
    "pattern": [
      "  S",
      "Li ",
      "PP "
    ],
    "key": {
      "S": {
        "item": "minecraft:string"
      },
      "i": {
        "item": "minecraft:iron_nugget"
      },
      "L": {
        "item": "minecraft:leather"
      },
      "P": {
        "item": "minecraft:paper"
      }
    },
    "unlock": [
      {
        "item": "minecraft:paper"
      }
    ],
    "result": {
      "item": "minecraft:name_tag"
    }
  }
}
