{
  "format_version": "1.20.10",
  "minecraft:recipe_shaped": {
    "description": {
    "identifier": "minecraft:saddle"
    },

    "tags": [ "crafting_table" ],
    "pattern": [
      "  ~",
      "LLL",
      "~_~"
    ],
    "key": {
      "L": {
        "item": "minecraft:leather"
      },
      "~": {
        "item": "minecraft:lead"
      },
      "_": {
        "item": "minecraft:iron_ingot"
      }
    },
    "unlock": [
      {
        "item": "minecraft:leather"
      }
    ],
    "result": {
      "item": "minecraft:saddle"
    }
  }
}
