{
  "format_version": "1.20.10",
  "minecraft:recipe_shapeless": {
    "description": {
    "identifier": "minecraft:stonecutter_stone_brick_chiseled"
    },

    "tags": [ "stonecutter" ],
    "priority": 3,
    "ingredients": [
      {
        "item": "minecraft:stonebrick",
        "data": 0
      }
    ],
    "unlock": [
      {
        "item": "minecraft:stonebrick",
        "data": 0
      }
    ],
    "result": {
      "item": "minecraft:stonebrick",
      "data": 3,
      "count": 1
    }
  }
}
