{
  "format_version": "1.20.10",
  "minecraft:recipe_shaped": {
    "description": {
    "identifier": "minecraft:skeleton_summoning"
    },

    "tags": [ "crafting_table" ],
    "group": "summoning_jutsu",
    "pattern": [
      "HHH",
      "HTH",
      "HHH"
    ],
    "key": {
      "H": {
        "item": "minecraft:skull",
        "data": 0
      },
      "T": {
        "item": "minecraft:totem_of_undying"
      }
    },
  "unlock": [
      {
        "item": "minecraft:skull",
        "data": 0
      }
    ],
    "result": {
      "item": "minecraft:skeleton_spawn_egg"
    }
  }
}
